{
    "metrics": {
        "http_req_blocked": {
            "avg": 0.5921999999999998,
            "min": 0.001,
            "med": 0.002,
            "max": 2.954,
            "p(90)": 1.7732000000000006,
            "p(95)": 2.3636
        },
        "http_req_receiving": {
            "med": 0.044,
            "max": 0.175,
            "p(90)": 0.131,
            "p(95)": 0.15299999999999997,
            "avg": 0.0706,
            "min": 0.033
        },
        "iteration_duration": {
            "min": 148.320625,
            "med": 148.320625,
            "max": 148.320625,
            "p(90)": 148.320625,
            "p(95)": 148.320625,
            "avg": 148.320625
        },
        "http_req_duration": {
            "min": 5.445,
            "med": 27.303,
            "max": 68.6,
            "p(90)": 55.5528,
            "p(95)": 62.07639999999999,
            "avg": 28.591599999999993
        },
        "http_req_sending": {
            "avg": 0.048400000000000006,
            "min": 0.007,
            "med": 0.009,
            "max": 0.204,
            "p(90)": 0.128,
            "p(95)": 0.16599999999999995
        },
        "http_req_failed": {
            "passes": 0,
            "fails": 5,
            "thresholds": {
                "rate==0": false
            },
            "value": 0
        },
        "http_req_waiting": {
            "min": 5.4,
            "med": 27.034,
            "max": 68.549,
            "p(90)": 55.446600000000004,
            "p(95)": 61.9978,
            "avg": 28.4726
        },
        "http_req_duration{expected_response:true}": {
            "avg": 28.591599999999993,
            "min": 5.445,
            "med": 27.303,
            "max": 68.6,
            "p(90)": 55.5528,
            "p(95)": 62.07639999999999
        },
        "http_req_connecting": {
            "med": 0,
            "max": 0.192,
            "p(90)": 0.11520000000000002,
            "p(95)": 0.15359999999999996,
            "avg": 0.038400000000000004,
            "min": 0
        },
        "http_req_tls_handshaking": {
            "max": 0,
            "p(90)": 0,
            "p(95)": 0,
            "avg": 0,
            "min": 0,
            "med": 0
        },
        "data_sent": {
            "count": 740,
            "rate": 4985.649414523062
        },
        "iterations": {
            "count": 1,
            "rate": 6.737364073679814
        },
        "http_reqs": {
            "rate": 33.68682036839907,
            "count": 5
        },
        "checks": {
            "passes": 6,
            "fails": 0,
            "value": 1
        },
        "data_received": {
            "count": 6328,
            "rate": 42634.03985824586
        }
    },
    "root_group": {
        "name": "",
        "path": "",
        "id": "d41d8cd98f00b204e9800998ecf8427e",
        "groups": {},
        "checks": {
                "createUserId 200": {
                    "path": "::createUserId 200",
                    "id": "41725badd185584b1da8821058b8065a",
                    "passes": 1,
                    "fails": 0,
                    "name": "createUserId 200"
                },
                "createUserId UUID": {
                    "path": "::createUserId UUID",
                    "id": "072c075440cc46ac07be027ec04543aa",
                    "passes": 1,
                    "fails": 0,
                    "name": "createUserId UUID"
                },
                "plp 200": {
                    "name": "plp 200",
                    "path": "::plp 200",
                    "id": "c45b3712768053a8282ef433c4e15271",
                    "passes": 1,
                    "fails": 0
                },
                "pdp 200": {
                    "id": "55579259c768474fdb34b488945ca010",
                    "passes": 1,
                    "fails": 0,
                    "name": "pdp 200",
                    "path": "::pdp 200"
                },
                "basket add 200": {
                    "name": "basket add 200",
                    "path": "::basket add 200",
                    "id": "a69268a5f1d9a562e888772dbebbb9cd",
                    "passes": 1,
                    "fails": 0
                },
                "basket get 200": {
                    "fails": 0,
                    "name": "basket get 200",
                    "path": "::basket get 200",
                    "id": "ee936dd776c6065111bf5a5d30ac362f",
                    "passes": 1
                }
            }
    }
}